title,company,location,link
Python Developer Intern,OXO Solutions,"Ruby, SC",https://www.indeed.com/viewjob?jk=84a541c104b5b24c
"MACHINE LEARNING ENGINEER - PYTHON, TENSORFLOW",InspiHER Tech,United States,https://www.indeed.com/viewjob?jk=a754b1fae51c41d2
Data Analytics Intern (Fall 2020),Jam City,Remote,https://www.indeed.com/viewjob?jk=9f20604152351c86
Data Scientist - Analytics,Acorn Analytics,Remote,https://www.indeed.com/viewjob?jk=d4801e79ebf3a97e
Python разработчик,WaveAccess,United States,https://www.indeed.com/viewjob?jk=d6df26980f5d9a81
Entry Level - Associate Data Scientist,IBM,United States,https://www.indeed.com/viewjob?jk=ea78d3941ea548cc
Full Time Opportunities for Students or Recent Graduates: Data & Applied Sciences,Microsoft,"Redmond, WA",https://www.indeed.com/viewjob?jk=1f0040be0579af5e
Python Developer Trainee,Cndro,"Houston, TX",https://www.indeed.com/viewjob?jk=0cf2026f52be6bc9
Jr Python Developer,Global Data Management Inc,"Woodbridge, NJ",https://www.indeed.com/viewjob?jk=24185ea11dee3248
Python Developer,Highbrow Technologies,"Bellevue, WA",https://www.indeed.com/viewjob?jk=70912d7ae92ee088
Python Developer,Callsign Media,"Las Vegas, NV",https://www.indeed.com/viewjob?jk=345e22ca6e583be5
Python Engineer,"Readcoor, Inc.","Cambridge, MA",https://www.indeed.com/viewjob?jk=d988577147d3673a
SOC Verification Intern - Fall 2020,NXP Semiconductors,Remote,https://www.indeed.com/viewjob?jk=c5474cdd89adb5f9
Fall 2020 Virtual Intern- HBOMax Information Security,HBO Max,"New York, NY",https://www.indeed.com/viewjob?jk=7a709ea3e550069d
Junior Python Developer,GTS,"New York, NY",https://www.indeed.com/viewjob?jk=f8f068da6dd93fa6
Data Scientist Intern,Amazon.com Services LLC,Remote,https://www.indeed.com/viewjob?jk=2e237e0c9a5806cd
Junior Quant,Dexterity Capital,Remote,https://www.indeed.com/viewjob?jk=e1a750ccc83bd177
Python developer,Ace-stack LLC,"Houston, TX",https://www.indeed.com/viewjob?jk=0c34c27b60a5c923
Software Developer Intern - Python/Java,Experian,"San Diego, CA",https://www.indeed.com/viewjob?jk=2c05c4d8f7035d29
Python Developer,Synechron,"Weehawken, NJ",https://www.indeed.com/viewjob?jk=8c34f3dc7bc1392f
PYTHON SOFTWARE ENGINEER-DEEP LEARNING,InspiHER Tech,United States,https://www.indeed.com/viewjob?jk=3dd6c509667887e7
Python/AWS Developer,Saransh,"Bellevue, WA",https://www.indeed.com/viewjob?jk=0051d940d058be71
Junior Software Engineer,FormSwift,"San Francisco, CA",https://www.indeed.com/viewjob?jk=1e12b18acfdc21fa
Penetration Testing Trainee (Remote USA),BreachLock,"Florida, NY",https://www.indeed.com/viewjob?jk=487b30db63184515
Data Analyst - Insights,Doximity,Texas,https://www.indeed.com/viewjob?jk=2575952381b9368e
Python/SQL Developer,IDM People,"Township of Hamilton, NJ",https://www.indeed.com/viewjob?jk=967a405ee33c49d4
PYTHON DEVELOPER - DJANGO/FLASK,SpanIdea Systems,"Milpitas, CA",https://www.indeed.com/viewjob?jk=2b7f94540280497a
PYTHON DEVELOPER,Pythonwise,"Seattle, WA",https://www.indeed.com/viewjob?jk=1a20a1c56fb7df73
Python & Infrastructure Developer,Phrasee,Remote,https://www.indeed.com/viewjob?jk=c24cd253a1ca330e
"Data Engg Developers ( PYTHON, SQL)",Ace-stack LLC,California,https://www.indeed.com/viewjob?jk=3aa969679f3b47e6
Python Data Pipeline Engineer,Zensar Technologies,"San Jose, CA",https://www.indeed.com/viewjob?jk=be0d03252a5e7c54
Entry Level Scala and Python Developer,Cognizant Technology Solutions,"Wilmington, DE",https://www.indeed.com/viewjob?jk=a85dbca41bac0717
Software Engineer,Piper Companies,Remote,https://www.indeed.com/viewjob?jk=cbd8a17b008d7894
Junior Software Engineer,Remesh,Ohio,https://www.indeed.com/viewjob?jk=8f110cadb691572c
Survey Data Analyst,Change Research,Remote,https://www.indeed.com/viewjob?jk=cafc44e9f9a4ce47
Systems Developer/.Net/Java/Python Developer,EMINENT IT,Remote,https://www.indeed.com/viewjob?jk=d50222a6a589642a
Software Developer - Remote,Piper Companies,Remote,https://www.indeed.com/viewjob?jk=b6184f55d4df6ae2
Senior Python & Django Developer,eMoney Advisor,Remote,https://www.indeed.com/viewjob?jk=5785fb5fdd857afa
"Data Scientist Intern, Disney Streaming - Fall 2020 (Remote)",Disney Streaming Services,United States,https://www.indeed.com/viewjob?jk=409f33480ef6f3b0
Support,RStudio,United States,https://www.indeed.com/viewjob?jk=2c26339484d5141f
Python developer,VAUXOO,"Colima, GA",https://www.indeed.com/viewjob?jk=f7669fcbd77ecd11
Data Analyst,Rational,California,https://www.indeed.com/viewjob?jk=78b340639b66fe42
"Analyst, Yelp Strategy",Yelp,Remote,https://www.indeed.com/viewjob?jk=cb8485f1e3022cf1
Junior Polling Analyst,Change Research,Remote,https://www.indeed.com/viewjob?jk=d43baee7c66f720a
"Vice President, Data",Auth0,United States,https://www.indeed.com/viewjob?jk=b90b738765d86c70
Full Time Opportunities for PhD Students or Recent Graduates: Data & Applied Sciences,Microsoft,"Redmond, WA",https://www.indeed.com/viewjob?jk=dbd07c7f5627c254
Python Developer,Indus Group,United States,https://www.indeed.com/viewjob?jk=67008ecde32d356f
Python Developer,Tech Pundits,"Philadelphia, PA",https://www.indeed.com/viewjob?jk=7a93e09be795ac6b
"Python Software Analyst, Autopilot",Tesla,"Palo Alto, CA",https://www.indeed.com/viewjob?jk=adb0d40a26bd49da
Data Analyst,"Waitr, Inc.",Louisiana,https://www.indeed.com/viewjob?jk=6c918fabf01411a9
Python Developer,iknowvate technologies,"Cleveland, OH",https://www.indeed.com/viewjob?jk=554fc016a6ba65ab
Entry Level Data Analyst,Hopjump,"Boston, MA",https://www.indeed.com/viewjob?jk=2532431132ffbda1
"Data Scientist Intern, Machine Learning (Fall 2020)",Coursera,"Mountain View, CA",https://www.indeed.com/viewjob?jk=372c7e3e431db8d4
Senior Python Developer,Frontierpay,Remote,https://www.indeed.com/viewjob?jk=249fd45368894066
Junior SDET,Software Quality Associates,"Boston, MA",https://www.indeed.com/viewjob?jk=fe2d61cbe339bbec
Python/C++ Developer,Altair Engineering,"Troy, MI",https://www.indeed.com/viewjob?jk=801b8a9a3cd8f4f6
Junior Developer - Python,Akuna Capital,"Chicago, IL",https://www.indeed.com/viewjob?jk=0b2c553a665c7d64
"Data Scientist - Python Automation Engineer Detroit, MI or remote for the right candidate",Benzinga,"Detroit, MI",https://www.indeed.com/viewjob?jk=bf39f12a10c5d7b5
Data Engineering Intern (Fall 2020),Coursera,"Mountain View, CA",https://www.indeed.com/viewjob?jk=43ff35199f1413e2
.Net / Python Technical Advisor,CVS Health,Arizona,https://www.indeed.com/viewjob?jk=8a2bb1f10b410e7f
Python Developer,Bank of America,"New York, NY",https://www.indeed.com/viewjob?jk=d350b91cb9e71511
GIS Technician (Contract),Orbital Insight,United States,https://www.indeed.com/viewjob?jk=3e307741d1c78aec
"Backend Engineering Intern - Fall, 2020 REMOTE",Verkada,Remote,https://www.indeed.com/viewjob?jk=7775f7addf852539
System Support Engineer,"Gaggle Net, Inc.",Remote,https://www.indeed.com/viewjob?jk=465fc9e3a7cf9297
Sr. Python Developer,Numeric Technologies,"Calhoun, GA",https://www.indeed.com/viewjob?jk=b6fab5143b808b3e
Python developer,RiVi Consulting Group,"Boston, MA",https://www.indeed.com/viewjob?jk=ae01ce3902fa0155
Python Developer,Haneke Design,"Tampa, FL",https://www.indeed.com/viewjob?jk=542b21736b6bca61
Vietnamese Language Expert M723,Anzu Global,United States,https://www.indeed.com/viewjob?jk=efb5326235f59f5f
NLP Engineer,IMMUNITY HEALTH,United States,https://www.indeed.com/viewjob?jk=fc102979e576bc81
Jr. Software Developer (Java/ Python) - USC/GCH - T,Select Group,"Tampa, FL",https://www.indeed.com/viewjob?jk=da92dd1c14e0d9b8
Junior Data Scientist Apprenticeship,IBM,United States,https://www.indeed.com/viewjob?jk=d63e9c3c63f20782
Database Engineer,Egnyte,Remote,https://www.indeed.com/viewjob?jk=214411a2ca2a5433
Backend Software Engineer (Python/Django),ixlayer,"San Francisco, CA",https://www.indeed.com/viewjob?jk=72b5bc8e21a7b513
Performance Engineer,Egnyte,Remote,https://www.indeed.com/viewjob?jk=3d5e27fa2932de75
Data Center Technician,"Amazon Data Services, Inc.","Manassas, VA",https://www.indeed.com/viewjob?jk=9c9af3bb877f607f
Voter Protection & Insights Analyst,Democratic National Committee,Remote,https://www.indeed.com/viewjob?jk=962f2f3f89457d22
Quantum Hardware Development Engineer – Device Fabrication (Etch),"Amazon Dev Center U.S., Inc.","Glendale, CA",https://www.indeed.com/viewjob?jk=87cb9e3106140579
Mosaic Group's Free Artificial Intelligence Academy,Free DEI Programs at Mosaic Group,New York State,https://www.indeed.com/viewjob?jk=420abc44f8e74252
Software Engineer,Dimagi,Massachusetts,https://www.indeed.com/viewjob?jk=15961f0556a3ad64
PYTHON DEVELOPER – SERVER SIDE,SpanIdea Systems,"Milpitas, CA",https://www.indeed.com/viewjob?jk=17a323503b45de74
Data Scientist,CollegeVine,Remote,https://www.indeed.com/viewjob?jk=dc3427856fb6c5e2
Python Developer,Sara Technologies,United States,https://www.indeed.com/viewjob?jk=07cc59a85ae4d228
Technical Data Analyst Fellow,Change Research,Remote,https://www.indeed.com/viewjob?jk=5218a1de1f559d42
Junior Data Scientist - Pathrise Recruiting Partners,Pathrise,"San Francisco, CA",https://www.indeed.com/viewjob?jk=4fbc59d736aac3c6
Python Developers,Kynite,"Fargo, ND",https://www.indeed.com/viewjob?jk=224481bea6e336bf
SDET II,MRoads,United States,https://www.indeed.com/viewjob?jk=f637504fac05b912
"Frontend (Web) Engineering Intern - Fall, 2020 REMOTE",Verkada,Remote,https://www.indeed.com/viewjob?jk=493a4109fad90a27
Consulting Professors,Saylor Academy,Remote,https://www.indeed.com/viewjob?jk=edb0eb6a7ba31772
Data Technician (Full- or Part-Time),Thasos Group,"New York, NY",https://www.indeed.com/viewjob?jk=da727c0cddda240e
Entry Level Jr. Business/Data Analyst- Prime Communications,Prime Communications,"Sugar Land, TX",https://www.indeed.com/viewjob?jk=334be72a69da3948
Python Developer – US,Perceptive Analytics,"Houston, TX",https://www.indeed.com/viewjob?jk=91b1d510b7398376
OpenAI Scholars Program: Fall 2020,OpenAI,"San Francisco, CA",https://www.indeed.com/viewjob?jk=685b49e4930a9842
Data Scientist Entry Level - Pathrise Recruiting Partners,Pathrise,"San Francisco, CA",https://www.indeed.com/viewjob?jk=57125117d2b4b0f6
Software Engineer Intern (Python),Vectorworks Inc.,"Columbia, MD",https://www.indeed.com/viewjob?jk=6aef22bb767b60fc
Developer - Python Django,Energy Sense Finance,"Tampa, FL",https://www.indeed.com/viewjob?jk=213f60ab30d8eece
Early Career Software Engineer - Virtual Warfare Center,BOEING,"Berkeley, MO",https://www.indeed.com/viewjob?jk=f947d5975d7703cb
Senior Ruby or Python Engineer,Simple Thread,Virginia,https://www.indeed.com/viewjob?jk=503ba5c7d2a98e9a
Junior Software Developer (Work Remotely),Capgemini,"Boston, MA",https://www.indeed.com/viewjob?jk=7cc0552b8566c1f1
Entry Level - Associate Developer,IBM,United States,https://www.indeed.com/viewjob?jk=d7b66851cf0ded38
Internship Opportunities for PhD Students - Data & Applied Sciences,Microsoft,"Redmond, WA",https://www.indeed.com/viewjob?jk=85fd71638331e964
